Tanggal,Terakhir,Pembukaan,Tertinggi,Terendah,Vol.,Perubahan%
1/1/2024,"2.167,65","2.167,67","2.167,67","2.167,65",,"0,00%"
1/2/2024,"2.164,27","2.165,96","2.173,64","2.162,94",,"-0,16%"
1/3/2024,"2.163,97","2.164,83","2.171,05","2.162,80",,"-0,01%"
1/4/2024,"2.162,71","2.163,53","2.173,54","2.162,68",,"-0,06%"
1/5/2024,"2.171,42","2.160,47","2.173,30","2.160,10",,"0,40%"
1/8/2024,"2.169,11","2.169,75","2.171,36","2.166,87",,"-0,11%"
1/9/2024,"2.164,18","2.170,52","2.170,52","2.164,97",,"-0,23%"
1/10/2024,"2.170,25","2.163,28","2.172,39","2.162,44",,"0,28%"
1/11/2024,"2.168,09","2.171,93","2.174,38","2.168,77",,"-0,10%"
1/12/2024,"2.168,36","2.169,66","2.174,72","2.168,79",,"0,01%"
1/15/2024,"2.168,15","2.165,70","2.170,40","2.165,63",,"-0,01%"
1/16/2024,"2.166,99","2.166,76","2.172,02","2.165,91",,"-0,05%"
1/17/2024,"2.172,58","2.167,35","2.174,60","2.166,74",,"0,26%"
1/18/2024,"2.169,80","2.174,99","2.175,03","2.170,27",,"-0,13%"
1/19/2024,"2.169,92","2.171,48","2.173,13","2.170,17",,"0,01%"
1/22/2024,"2.172,73","2.170,97","2.173,69","2.169,60",,"0,13%"
1/23/2024,"2.177,82","2.174,13","2.184,97","2.173,48",,"0,23%"
1/24/2024,"2.195,28","2.179,97","2.199,06","2.179,72",,"0,80%"
1/25/2024,"2.206,26","2.196,34","2.210,99","2.192,94",,"0,50%"
1/26/2024,"2.203,11","2.205,57","2.208,11","2.202,27",,"-0,14%"
1/29/2024,"2.200,79","2.203,59","2.204,64","2.201,35",,"-0,11%"
1/30/2024,"2.198,27","2.202,85","2.203,68","2.197,85",,"-0,11%"
1/31/2024,"2.200,69","2.198,17","2.203,57","2.196,88",,"0,11%"
2/1/2024,"2.194,83","2.198,13","2.200,65","2.194,27",,"-0,27%"
2/2/2024,"2.176,42","2.196,44","2.196,54","2.176,77",,"-0,84%"
2/5/2024,"2.180,92","2.175,92","2.185,73","2.175,67",,"0,21%"
2/6/2024,"2.186,52","2.182,74","2.189,90","2.182,30",,"0,26%"
2/7/2024,"2.172,13","2.188,11","2.190,07","2.171,45",,"-0,66%"
2/8/2024,"2.171,74","2.174,43","2.174,51","2.172,45",,"-0,02%"
2/9/2024,"2.172,55","2.173,23","2.174,06","2.172,31",,"0,04%"
2/12/2024,"2.166,99","2.174,16","2.174,16","2.167,83",,"-0,26%"
2/13/2024,"2.166,99","2.167,21","2.170,54","2.163,73",,"0,00%"
2/14/2024,"2.173,04","2.179,30","2.186,21","2.163,14",,"0,28%"
2/15/2024,"2.170,47","2.166,16","2.174,16","2.161,29",,"-0,12%"
2/16/2024,"2.170,47","2.176,24","2.179,37","2.171,38",,"0,00%"
2/19/2024,"2.170,50","2.171,31","2.173,76","2.170,20",,"0,00%"
2/20/2024,"2.176,36","2.171,78","2.177,81","2.171,50",,"0,27%"
2/21/2024,"2.173,70","2.175,95","2.181,92","2.174,11",,"-0,12%"
2/22/2024,"2.166,12","2.174,64","2.178,00","2.166,89",,"-0,35%"
2/23/2024,"2.166,30","2.167,02","2.169,77","2.164,59",,"0,01%"
2/26/2024,"2.170,74","2.167,00","2.173,26","2.166,59",,"0,20%"
2/27/2024,"2.172,10","2.171,54","2.175,98","2.171,36",,"0,06%"
2/28/2024,"2.178,26","2.172,82","2.179,70","2.172,63",,"0,28%"
2/29/2024,"2.185,10","2.179,35","2.187,21","2.179,35",,"0,31%"
3/1/2024,"2.180,62","2.184,64","2.184,85","2.178,79",,"-0,21%"
3/4/2024,"2.185,66","2.181,51","2.186,46","2.181,24",,"0,23%"
3/5/2024,"2.190,50","2.186,63","2.192,09","2.185,91",,"0,22%"
3/6/2024,"2.180,29","2.190,75","2.190,82","2.179,39",,"-0,47%"
3/7/2024,"2.175,70","2.182,09","2.182,09","2.171,98",,"-0,21%"
3/8/2024,"2.168,65","2.176,65","2.176,70","2.165,88",,"-0,32%"
3/11/2024,"2.169,40","2.168,60","2.171,37","2.167,58",,"0,03%"
3/12/2024,"2.170,04","2.171,92","2.173,85","2.170,82",,"0,03%"
3/13/2024,"2.166,26","2.170,16","2.170,18","2.164,54",,"-0,17%"
3/14/2024,"2.164,85","2.166,40","2.167,57","2.164,49",,"-0,07%"
3/15/2024,"2.166,30","2.165,27","2.173,56","2.165,17",,"0,07%"
3/18/2024,"2.178,93","2.166,50","2.180,96","2.166,39",,"0,58%"
3/19/2024,"2.182,07","2.179,75","2.185,97","2.179,66",,"0,14%"
3/20/2024,"2.182,10","2.183,02","2.186,69","2.182,00",,"0,00%"
3/21/2024,"2.174,43","2.184,09","2.184,25","2.173,69",,"-0,35%"
3/22/2024,"2.182,00","2.175,16","2.185,68","2.169,51",,"0,35%"
3/25/2024,"2.190,04","2.189,21","2.194,50","2.189,18",,"0,37%"
3/26/2024,"2.186,59","2.191,36","2.191,54","2.186,38",,"-0,16%"
3/27/2024,"2.193,01","2.187,38","2.194,78","2.184,80",,"0,29%"
3/28/2024,"2.192,92","2.194,08","2.199,67","2.192,79",,"0,00%"
3/29/2024,"2.194,62","2.194,13","2.196,18","2.193,48",,"0,08%"
4/1/2024,"2.196,79","2.194,48","2.202,23","2.193,72",,"0,10%"
4/2/2024,"2.197,29","2.197,41","2.207,17","2.196,62",,"0,02%"
4/3/2024,"2.199,88","2.197,71","2.203,21","2.197,40",,"0,12%"
4/4/2024,"2.196,42","2.203,22","2.203,22","2.196,65",,"-0,16%"
4/5/2024,"2.189,51","2.199,06","2.200,24","2.190,08",,"-0,31%"
4/8/2024,"2.190,54","2.192,01","2.192,16","2.190,27",,"0,05%"
4/9/2024,"2.189,96","2.190,53","2.191,82","2.190,19",,"-0,03%"
4/10/2024,"2.189,51","2.190,76","2.192,23","2.190,16",,"-0,02%"
4/11/2024,"2.188,60","2.189,77","2.190,20","2.189,32",,"-0,04%"
4/12/2024,"2.188,57","2.189,79","2.189,82","2.189,26",,"0,00%"
4/15/2024,"2.188,30","2.189,50","2.189,59","2.188,92",,"-0,01%"
4/16/2024,"2.233,89","2.188,39","2.240,16","2.188,39",,"2,08%"
4/17/2024,"2.239,86","2.235,17","2.247,78","2.234,41",,"0,27%"
4/18/2024,"2.233,67","2.241,96","2.241,96","2.232,88",,"-0,28%"
4/19/2024,"2.244,35","2.234,25","2.249,49","2.233,47",,"0,48%"
4/22/2024,"2.240,47","2.244,95","2.244,95","2.237,75",,"-0,17%"
4/23/2024,"2.237,88","2.241,00","2.243,36","2.238,10",,"-0,12%"
4/24/2024,"2.228,79","2.239,02","2.239,28","2.228,18",,"-0,41%"
4/25/2024,"2.235,34","2.229,57","2.238,90","2.229,46",,"0,29%"
4/26/2024,"2.236,25","2.234,76","2.239,73","2.234,10",,"0,04%"
4/29/2024,"2.246,77","2.237,18","2.247,76","2.236,99",,"0,47%"
4/30/2024,"2.244,51","2.245,60","2.247,83","2.244,83",,"-0,10%"
5/1/2024,"2.238,48","2.248,14","2.248,35","2.232,73",,"-0,27%"
5/2/2024,"2.234,16","2.244,14","2.244,14","2.235,16",,"-0,19%"
5/3/2024,"2.220,35","2.219,97","2.224,46","2.219,62",,"-0,62%"
5/6/2024,"2.221,94","2.231,13","2.231,82","2.215,95",,"0,07%"
5/7/2024,"2.221,85","2.220,53","2.226,59","2.220,18",,"0,00%"
5/8/2024,"2.219,79","2.221,66","2.228,02","2.219,76",,"-0,09%"
5/9/2024,"2.220,68","2.220,69","2.222,03","2.220,19",,"0,04%"
5/10/2024,"2.219,30","2.221,00","2.221,39","2.220,21",,"-0,06%"
5/13/2024,"2.222,42","2.218,92","2.224,89","2.217,97",,"0,14%"
5/14/2024,"2.224,13","2.222,39","2.230,21","2.221,76",,"0,08%"
5/15/2024,"2.219,53","2.225,81","2.226,98","2.218,45",,"-0,21%"
5/16/2024,"2.204,96","2.223,08","2.223,63","2.205,41",,"-0,66%"
5/17/2024,"2.207,55","2.203,93","2.212,85","2.203,74",,"0,12%"
5/20/2024,"2.207,08","2.206,96","2.211,15","2.206,85",,"-0,02%"
5/21/2024,"2.209,11","2.206,63","2.215,55","2.206,15",,"0,09%"
5/22/2024,"2.208,08","2.209,46","2.211,50","2.205,79",,"-0,05%"
5/23/2024,"2.207,89","2.208,08","2.209,17","2.207,28",,"-0,01%"
5/24/2024,"2.207,50","2.207,58","2.208,24","2.207,22",,"-0,02%"
5/27/2024,"2.216,70","2.208,07","2.218,56","2.207,61",,"0,42%"
5/28/2024,"2.220,12","2.217,34","2.221,88","2.217,30",,"0,15%"
5/29/2024,"2.228,43","2.220,00","2.230,69","2.219,80",,"0,37%"
5/30/2024,"2.247,21","2.229,27","2.248,15","2.229,20",,"0,84%"
5/31/2024,"2.243,16","2.247,63","2.248,20","2.242,74",,"-0,18%"
6/3/2024,"2.240,25","2.243,33","2.245,21","2.236,64",,"-0,13%"
6/4/2024,"2.239,58","2.241,01","2.241,45","2.234,56",,"-0,03%"
6/5/2024,"2.246,20","2.239,59","2.248,84","2.238,74",,"0,30%"
6/6/2024,"2.243,46","2.247,54","2.248,55","2.243,34",,"-0,12%"
6/7/2024,"2.233,72","2.244,39","2.244,39","2.234,42",,"-0,43%"
6/10/2024,"2.245,45","2.244,15","2.248,35","2.241,73",,"0,53%"
6/11/2024,"2.244,81","2.244,95","2.247,74","2.244,32",,"-0,03%"
6/12/2024,"2.249,53","2.245,95","2.250,85","2.245,48",,"0,21%"
6/13/2024,"2.242,58","2.248,04","2.248,04","2.242,70",,"-0,31%"
6/14/2024,"2.259,57","2.242,79","2.262,75","2.242,64",,"0,76%"
6/17/2024,"2.259,45","2.260,59","2.260,89","2.260,14",,"-0,01%"
6/18/2024,"2.259,95","2.260,42","2.260,75","2.260,08",,"0,02%"
6/19/2024,"2.254,38","2.260,41","2.261,36","2.252,68",,"-0,25%"
6/20/2024,"2.262,24","2.254,40","2.263,07","2.253,49",,"0,35%"
6/21/2024,"2.264,84","2.263,05","2.270,16","2.262,92",,"0,11%"
6/24/2024,"2.257,64","2.265,51","2.268,90","2.257,55",,"-0,32%"
6/25/2024,"2.253,89","2.257,93","2.267,01","2.252,56",,"-0,17%"
6/26/2024,"2.256,87","2.253,99","2.264,04","2.253,75",,"0,13%"
6/27/2024,"2.255,50","2.257,39","2.260,84","2.255,26",,"-0,06%"
6/28/2024,"2.252,56","2.256,26","2.259,82","2.253,07",,"-0,13%"
7/1/2024,"2.245,34","2.253,24","2.258,35","2.244,75",,"-0,32%"
7/2/2024,"2.254,04","2.245,10","2.255,80","2.244,85",,"0,39%"
7/3/2024,"2.250,85","2.254,29","2.255,04","2.249,94",,"-0,14%"
7/4/2024,"2.245,65","2.251,56","2.252,06","2.244,63",,"-0,23%"
7/5/2024,"2.239,05","2.247,44","2.248,78","2.238,59",,"-0,29%"
7/8/2024,"2.235,52","2.240,00","2.240,36","2.235,03",,"-0,16%"
7/9/2024,"2.233,73","2.235,59","2.243,49","2.234,43",,"-0,08%"
7/10/2024,"2.231,25","2.233,71","2.240,41","2.231,79",,"-0,11%"
7/11/2024,"2.230,58","2.232,38","2.233,84","2.225,11",,"-0,03%"
7/12/2024,"2.225,27","2.230,45","2.230,48","2.221,10",,"-0,24%"
7/15/2024,"2.226,43","2.222,35","2.229,03","2.221,06",,"0,05%"
7/16/2024,"2.225,33","2.225,91","2.237,00","2.225,64",,"-0,05%"
7/17/2024,"2.216,33","2.225,89","2.226,78","2.215,68",,"-0,40%"
7/18/2024,"2.224,24","2.218,56","2.228,61","2.218,07",,"0,36%"
7/19/2024,"2.226,33","2.223,34","2.232,97","2.223,00",,"0,09%"
7/22/2024,"2.229,23","2.225,86","2.232,86","2.225,83",,"0,13%"
7/23/2024,"2.227,52","2.230,18","2.230,34","2.225,09",,"-0,08%"
7/24/2024,"2.231,80","2.228,02","2.232,66","2.227,90",,"0,19%"
7/25/2024,"2.246,24","2.232,96","2.253,53","2.232,40",,"0,65%"
7/26/2024,"2.245,62","2.244,17","2.254,12","2.244,17",,"-0,03%"
7/29/2024,"2.241,58","2.246,00","2.246,52","2.242,20",,"-0,18%"
7/30/2024,"2.247,21","2.241,39","2.249,99","2.240,90",,"0,25%"
7/31/2024,"2.251,32","2.254,79","2.256,53","2.249,46",,"0,18%"
8/1/2024,"2.240,29","2.254,44","2.255,23","2.239,75",,"-0,49%"
8/2/2024,"2.261,68","2.241,02","2.263,53","2.240,34",,"0,95%"
8/5/2024,"2.269,09","2.265,53","2.274,45","2.254,92",,"0,33%"
8/6/2024,"2.257,74","2.259,99","2.266,89","2.258,61",,"-0,50%"
8/7/2024,"2.233,27","2.254,10","2.255,08","2.230,41",,"-1,08%"
8/8/2024,"2.213,83","2.234,00","2.235,69","2.214,91",,"-0,87%"
8/9/2024,"2.220,80","2.214,42","2.222,76","2.213,36",,"0,31%"
8/12/2024,"2.222,81","2.220,02","2.226,34","2.219,23",,"0,09%"
8/13/2024,"2.212,13","2.222,24","2.224,73","2.205,72",,"-0,48%"
8/14/2024,"2.195,62","2.215,18","2.215,37","2.191,48",,"-0,75%"
8/15/2024,"2.186,45","2.189,33","2.196,80","2.179,98",,"-0,42%"
8/16/2024,"2.188,96","2.186,52","2.196,06","2.184,64",,"0,11%"
8/19/2024,"2.176,99","2.194,62","2.195,60","2.175,74",,"-0,55%"
8/20/2024,"2.163,03","2.179,79","2.180,36","2.158,51",,"-0,64%"
8/21/2024,"2.169,59","2.164,05","2.173,87","2.162,18",,"0,30%"
8/22/2024,"2.182,49","2.171,00","2.193,11","2.169,95",,"0,59%"
8/23/2024,"2.173,18","2.183,60","2.192,69","2.161,56",,"-0,43%"
8/26/2024,"2.165,61","2.177,22","2.177,43","2.148,28",,"-0,35%"
8/27/2024,"2.174,00","2.165,52","2.181,67","2.164,78",,"0,39%"
8/28/2024,"2.163,69","2.175,06","2.179,13","2.162,74",,"-0,47%"
8/29/2024,"2.171,03","2.163,73","2.173,70","2.159,55",,"0,34%"
8/30/2024,"2.178,66","2.173,73","2.183,67","2.170,70",,"0,35%"
9/2/2024,"2.180,39","2.177,65","2.188,63","2.175,07",,"0,08%"
9/3/2024,"2.179,22","2.180,58","2.188,19","2.178,89",,"-0,05%"
9/4/2024,"2.174,89","2.182,56","2.184,67","2.174,17",,"-0,20%"
9/5/2024,"2.170,11","2.179,19","2.180,21","2.168,05",,"-0,22%"
9/6/2024,"2.166,43","2.172,51","2.172,89","2.165,15",,"-0,17%"
9/9/2024,"2.171,71","2.161,80","2.178,43","2.160,57",,"0,24%"
9/10/2024,"2.168,94","2.171,06","2.173,65","2.167,00",,"-0,13%"
9/11/2024,"2.162,25","2.169,23","2.171,79","2.162,74",,"-0,31%"
9/12/2024,"2.167,04","2.162,01","2.169,01","2.161,91",,"0,22%"
9/13/2024,"2.170,02","2.170,98","2.176,00","2.165,15",,"0,14%"
9/16/2024,"2.170,18","2.171,15","2.172,35","2.164,75",,"0,01%"
9/17/2024,"2.160,86","2.166,71","2.167,42","2.158,96",,"-0,43%"
9/18/2024,"2.164,49","2.161,21","2.166,25","2.157,84",,"0,17%"
9/19/2024,"2.154,72","2.158,82","2.163,20","2.153,69",,"-0,45%"
9/20/2024,"2.147,62","2.158,28","2.159,84","2.135,23",,"-0,33%"
9/23/2024,"2.154,62","2.150,11","2.157,82","2.147,23",,"0,33%"
9/24/2024,"2.158,73","2.154,26","2.160,81","2.149,64",,"0,19%"
9/25/2024,"2.146,31","2.162,76","2.164,25","2.146,72",,"-0,58%"
9/26/2024,"2.162,16","2.147,55","2.164,54","2.147,55",,"0,74%"
9/27/2024,"2.156,58","2.161,44","2.161,54","2.149,67",,"-0,26%"
9/30/2024,"2.156,17","2.155,88","2.166,14","2.154,02",,"-0,02%"
10/1/2024,"2.164,71","2.162,15","2.167,49","2.161,07",,"0,40%"
10/2/2024,"2.173,97","2.165,71","2.177,81","2.165,71",,"0,43%"
10/3/2024,"2.196,06","2.183,87","2.199,54","2.180,67",,"1,02%"
10/4/2024,"2.205,32","2.207,74","2.213,08","2.203,82",,"0,42%"
10/7/2024,"2.233,10","2.226,26","2.236,95","2.226,26",,"1,26%"
10/8/2024,"2.215,11","2.223,88","2.225,56","2.211,62",,"-0,81%"
10/9/2024,"2.204,95","2.213,67","2.214,99","2.204,91",,"-0,46%"
10/10/2024,"2.211,71","2.207,93","2.217,04","2.207,43",,"0,31%"
10/11/2024,"2.203,91","2.214,26","2.215,99","2.203,28",,"-0,35%"
10/14/2024,"2.194,55","2.200,36","2.206,36","2.194,81",,"-0,42%"
10/15/2024,"2.187,59","2.195,30","2.195,38","2.185,55",,"-0,32%"
10/16/2024,"2.177,76","2.187,47","2.189,63","2.178,47",,"-0,45%"
10/17/2024,"2.174,34","2.177,92","2.185,20","2.173,79",,"-0,16%"
10/18/2024,"2.176,55","2.176,49","2.178,97","2.172,16",,"0,10%"
10/21/2024,"2.175,56","2.176,92","2.180,84","2.172,00",,"-0,05%"
10/22/2024,"2.183,62","2.175,53","2.186,27","2.175,06",,"0,37%"
10/23/2024,"2.191,12","2.182,05","2.192,90","2.181,17",,"0,34%"
10/24/2024,"2.187,41","2.193,18","2.197,67","2.188,13",,"-0,17%"
10/25/2024,"2.195,56","2.189,09","2.196,84","2.187,00",,"0,37%"
10/28/2024,"2.206,01","2.192,56","2.207,50","2.191,94",,"0,48%"
10/29/2024,"2.209,31","2.204,88","2.210,18","2.204,24",,"0,15%"
10/30/2024,"2.204,89","2.211,72","2.211,72","2.201,67",,"-0,20%"
10/31/2024,"2.204,12","2.204,40","2.207,11","2.200,53",,"-0,03%"
11/1/2024,"2.206,11","2.206,14","2.210,66","2.203,84",,"0,09%"
11/4/2024,"2.218,43","2.211,26","2.222,18","2.209,34",,"0,56%"
11/5/2024,"2.213,78","2.215,99","2.222,30","2.213,04",,"-0,21%"
11/6/2024,"2.204,53","2.207,07","2.220,90","2.204,84",,"-0,42%"
11/7/2024,"2.202,50","2.203,60","2.204,73","2.194,10",,"-0,09%"
11/8/2024,"2.181,94","2.199,90","2.202,72","2.182,74",,"-0,93%"
11/11/2024,"2.172,26","2.182,75","2.184,17","2.173,26",,"-0,44%"
11/12/2024,"2.180,80","2.171,85","2.184,37","2.170,28",,"0,39%"
11/13/2024,"2.182,22","2.184,79","2.189,11","2.181,82",,"0,07%"
11/14/2024,"2.191,71","2.180,15","2.195,49","2.178,08",,"0,43%"
11/15/2024,"2.191,10","2.191,45","2.203,71","2.189,39",,"-0,03%"
11/18/2024,"2.189,08","2.191,92","2.194,89","2.187,45",,"-0,09%"
11/19/2024,"2.185,77","2.191,75","2.192,21","2.183,00",,"-0,15%"
11/20/2024,"2.188,73","2.187,02","2.192,29","2.186,07",,"0,14%"
11/21/2024,"2.199,44","2.190,41","2.203,29","2.190,27",,"0,49%"
11/22/2024,"2.190,17","2.197,81","2.199,58","2.189,71",,"-0,42%"
11/25/2024,"2.191,27","2.193,03","2.193,71","2.187,75",,"0,05%"
11/26/2024,"2.195,92","2.188,55","2.197,83","2.187,19",,"0,21%"
11/27/2024,"2.197,31","2.197,77","2.198,80","2.194,70",,"0,06%"
11/28/2024,"2.189,79","2.200,16","2.200,61","2.186,52",,"-0,34%"
11/29/2024,"2.186,82","2.193,64","2.195,66","2.187,38",,"-0,14%"
12/2/2024,"2.185,51","2.184,67","2.190,74","2.183,00",,"-0,06%"
12/3/2024,"2.186,80","2.182,40","2.190,63","2.179,43",,"0,06%"
12/4/2024,"2.191,44","2.189,44","2.194,73","2.188,53",,"0,21%"
12/5/2024,"2.183,52","2.191,91","2.191,92","2.182,00",,"-0,36%"
12/6/2024,"2.178,70","2.183,86","2.194,07","2.179,31",,"-0,22%"
12/9/2024,"2.184,27","2.179,15","2.185,05","2.176,09",,"0,26%"
12/10/2024,"2.187,34","2.185,29","2.193,40","2.183,30",,"0,14%"
12/11/2024,"2.190,55","2.188,83","2.195,67","2.188,23",,"0,15%"
12/12/2024,"2.189,37","2.192,51","2.196,81","2.190,34",,"-0,05%"
12/13/2024,"2.197,36","2.189,49","2.199,20","2.188,52",,"0,36%"
12/16/2024,"2.195,82","2.198,74","2.202,60","2.196,45",,"-0,07%"
12/17/2024,"2.204,59","2.196,13","2.206,83","2.195,81",,"0,40%"
12/18/2024,"2.207,36","2.205,67","2.213,06","2.205,45",,"0,13%"
12/19/2024,"2.231,59","2.205,21","2.233,82","2.204,70",,"1,10%"
12/20/2024,"2.218,72","2.233,47","2.236,78","2.218,49",,"-0,58%"
12/23/2024,"2.215,52","2.220,75","2.221,36","2.210,16",,"-0,14%"
12/24/2024,"2.218,34","2.216,22","2.222,27","2.213,39",,"0,13%"
12/25/2024,"2.217,49","2.218,94","2.218,94","2.218,01",,"-0,04%"
12/26/2024,"2.217,64","2.218,48","2.218,48","2.218,01",,"0,01%"
12/27/2024,"2.223,62","2.218,34","2.228,10","2.217,78",,"0,27%"
12/30/2024,"2.209,77","2.224,68","2.224,79","2.209,46",,"-0,62%"
12/31/2024,"2.204,29","2.210,96","2.215,69","2.201,80",,"-0,25%"
1/1/2025,"2.203,90","2.204,75","2.204,75","2.204,75",,"-0,02%"
1/2/2025,"2.217,96","2.205,32","2.227,99","2.205,05",,"0,64%"
1/3/2025,"2.210,67","2.218,77","2.225,51","2.211,55",,"-0,33%"
1/6/2025,"2.210,96","2.212,48","2.214,78","2.206,89",,"0,01%"
1/7/2025,"2.200,91","2.210,15","2.210,47","2.200,82",,"-0,45%"
1/8/2025,"2.208,22","2.200,86","2.211,84","2.200,06",,"0,33%"
1/9/2025,"2.208,75","2.209,20","2.219,02","2.209,11",,"0,02%"
1/10/2025,"2.206,55","2.209,92","2.211,61","2.205,47",,"-0,10%"
1/13/2025,"2.219,04","2.207,77","2.222,25","2.207,61",,"0,57%"
1/14/2025,"2.217,92","2.220,15","2.221,54","2.216,78",,"-0,05%"
1/15/2025,"2.225,33","2.218,68","2.228,64","2.218,52",,"0,33%"
1/16/2025,"2.230,72","2.226,18","2.235,54","2.226,11",,"0,24%"
1/17/2025,"2.233,29","2.231,68","2.235,15","2.227,17",,"0,12%"
1/20/2025,"2.239,64","2.234,82","2.241,24","2.234,13",,"0,28%"
1/21/2025,"2.245,29","2.249,86","2.249,86","2.237,24",,"0,25%"
1/22/2025,"2.238,26","2.246,40","2.246,40","2.235,57",,"-0,31%"
1/23/2025,"2.232,85","2.239,05","2.241,93","2.230,45",,"-0,24%"
1/24/2025,"2.231,42","2.233,68","2.237,28","2.225,75",,"-0,06%"
1/27/2025,"2.229,73","2.229,19","2.230,28","2.225,29",,"-0,08%"
1/28/2025,"2.229,73","2.229,73","2.229,73","2.229,73",,"0,00%"
1/29/2025,"2.229,73","2.229,73","2.229,73","2.229,73",,"0,00%"
1/30/2025,"2.241,45","2.238,90","2.244,41","2.237,03",,"0,53%"
1/31/2025,"2.246,97","2.245,10","2.250,96","2.245,10",,"0,25%"
2/3/2025,"2.265,58","2.261,65","2.271,65","2.260,61",,"0,83%"
2/4/2025,"2.253,17","2.257,51","2.259,24","2.254,06",,"-0,55%"
2/5/2025,"2.238,26","2.245,84","2.245,84","2.235,75",,"-0,66%"
2/6/2025,"2.239,28","2.237,68","2.244,47","2.236,72",,"0,05%"
2/7/2025,"2.232,07","2.240,73","2.244,23","2.232,51",,"-0,32%"
2/10/2025,"2.236,55","2.228,59","2.239,00","2.227,72",,"0,20%"
2/11/2025,"2.240,01","2.236,45","2.242,94","2.236,42",,"0,15%"
2/12/2025,"2.238,24","2.240,51","2.241,31","2.236,86",,"-0,08%"
2/13/2025,"2.242,52","2.239,28","2.246,21","2.238,81",,"0,19%"
2/14/2025,"2.240,52","2.246,95","2.247,80","2.233,30",,"-0,09%"
2/17/2025,"2.231,28","2.243,38","2.244,57","2.230,67",,"-0,41%"
2/18/2025,"2.234,71","2.230,86","2.238,87","2.229,11",,"0,15%"
2/19/2025,"2.241,84","2.235,60","2.248,56","2.234,35",,"0,32%"
2/20/2025,"2.249,55","2.242,32","2.250,48","2.242,32",,"0,34%"
2/21/2025,"2.247,50","2.250,48","2.252,19","2.243,53",,"-0,09%"
2/24/2025,"2.244,48","2.249,37","2.256,19","2.244,15",,"-0,13%"
2/25/2025,"2.252,80","2.241,56","2.253,83","2.241,46",,"0,37%"
2/26/2025,"2.253,88","2.253,93","2.260,72","2.244,43",,"0,05%"
2/27/2025,"2.256,76","2.253,58","2.264,15","2.253,58",,"0,13%"
2/28/2025,"2.275,29","2.256,61","2.278,05","2.256,21",,"0,82%"
3/3/2025,"2.261,31","2.276,66","2.276,99","2.259,17",,"-0,61%"
3/4/2025,"2.262,25","2.261,26","2.266,06","2.253,61",,"0,04%"
3/5/2025,"2.248,85","2.263,08","2.265,04","2.245,26",,"-0,59%"
3/6/2025,"2.252,10","2.252,59","2.258,00","2.244,64",,"0,14%"
3/7/2025,"2.251,34","2.252,15","2.256,92","2.248,96",,"-0,03%"
3/10/2025,"2.249,72","2.249,74","2.252,71","2.244,69",,"-0,07%"
3/11/2025,"2.268,36","2.251,66","2.272,33","2.250,72",,"0,83%"
3/12/2025,"2.271,25","2.272,29","2.279,59","2.269,26",,"0,13%"
3/13/2025,"2.266,42","2.272,01","2.274,58","2.266,11",,"-0,21%"
3/14/2025,"2.257,69","2.265,42","2.266,50","2.257,57",,"-0,39%"
3/17/2025,"2.266,16","2.262,17","2.268,00","2.255,20",,"0,38%"
3/18/2025,"2.271,25","2.268,14","2.277,49","2.265,82",,"0,22%"
3/19/2025,"2.284,45","2.271,25","2.286,21","2.270,70",,"0,58%"
3/20/2025,"2.272,04","2.286,31","2.287,43","2.272,83",,"-0,54%"
3/21/2025,"2.275,20","2.272,29","2.278,61","2.272,27",,"0,14%"
3/24/2025,"2.281,31","2.273,44","2.284,26","2.272,04",,"0,27%"
3/25/2025,"2.285,50","2.279,35","2.291,79","2.279,27",,"0,18%"
3/26/2025,"2.280,29","2.285,48","2.287,80","2.279,60",,"-0,23%"
3/27/2025,"2.278,36","2.282,35","2.287,03","2.278,20",,"-0,08%"
3/28/2025,"2.279,05","2.280,03","2.280,57","2.279,10",,"0,03%"
3/31/2025,"2.281,03","2.281,73","2.284,99","2.281,36",,"0,09%"
4/1/2025,"2.276,98","2.280,82","2.280,90","2.277,78",,"-0,18%"
4/2/2025,"2.277,57","2.277,42","2.278,82","2.277,23",,"0,03%"
4/3/2025,"2.273,16","2.269,18","2.274,09","2.267,04",,"-0,19%"
4/4/2025,"2.273,16","2.273,16","2.273,16","2.273,16",,"0,00%"
4/7/2025,"2.264,95","2.266,27","2.267,28","2.262,86",,"-0,36%"
4/8/2025,"2.297,32","2.257,35","2.300,90","2.257,18",,"1,43%"
4/9/2025,"2.293,85","2.295,79","2.309,29","2.294,23",,"-0,15%"
4/10/2025,"2.295,97","2.294,28","2.296,81","2.276,49",,"0,09%"
4/11/2025,"2.302,33","2.299,06","2.303,19","2.291,23",,"0,28%"
4/14/2025,"2.293,05","2.298,84","2.300,77","2.290,98",,"-0,40%"
4/15/2025,"2.297,55","2.295,23","2.301,77","2.292,88",,"0,20%"
4/16/2025,"2.301,81","2.295,46","2.304,34","2.295,46",,"0,19%"
4/17/2025,"2.303,79","2.300,92","2.307,48","2.297,69",,"0,09%"
4/18/2025,"2.303,79","2.303,88","2.308,91","2.303,14",,"0,00%"
4/21/2025,"2.303,45","2.307,34","2.309,65","2.302,51",,"-0,01%"
4/22/2025,"2.305,02","2.301,46","2.308,00","2.299,13",,"0,07%"
4/23/2025,"2.314,40","2.307,77","2.314,87","2.306,07",,"0,41%"
4/24/2025,"2.314,64","2.311,95","2.315,32","2.310,49",,"0,01%"
4/25/2025,"2.309,37","2.312,85","2.313,32","2.303,36",,"-0,23%"
4/28/2025,"2.310,59","2.308,47","2.312,06","2.305,97",,"0,05%"
4/29/2025,"2.305,52","2.312,88","2.313,40","2.304,27",,"-0,22%"
4/30/2025,"2.282,94","2.303,56","2.305,53","2.282,15",,"-0,98%"
5/1/2025,"2.282,94","2.282,94","2.282,94","2.282,94",,"0,00%"
5/2/2025,"2.260,24","2.285,00","2.285,00","2.258,80",,"-0,99%"
5/5/2025,"2.260,24","2.256,80","2.263,68","2.251,99",,"0,00%"
5/6/2025,"2.279,32","2.271,31","2.283,05","2.270,48",,"0,84%"
5/7/2025,"2.288,50","2.278,55","2.289,63","2.277,24",,"0,40%"
5/8/2025,"2.279,83","2.285,01","2.291,15","2.271,48",,"-0,38%"
5/9/2025,"2.282,04","2.277,05","2.284,65","2.275,90",,"0,10%"
5/12/2025,"2.292,84","2.284,82","2.293,48","2.284,14",,"0,47%"
5/13/2025,"2.291,73","2.295,82","2.298,02","2.291,73",,"-0,05%"
5/14/2025,"2.295,90","2.292,98","2.299,85","2.289,28",,"0,18%"
5/15/2025,"2.291,43","2.295,06","2.296,51","2.289,53",,"-0,19%"
5/16/2025,"2.280,32","2.292,26","2.294,48","2.276,22",,"-0,48%"
5/19/2025,"2.277,25","2.280,57","2.284,62","2.276,68",,"-0,13%"
5/20/2025,"2.273,71","2.277,02","2.277,02","2.268,94",,"-0,16%"
5/21/2025,"2.276,30","2.273,86","2.279,48","2.269,23",,"0,11%"
5/22/2025,"2.266,70","2.277,23","2.278,23","2.261,88",,"-0,42%"
5/23/2025,"2.258,52","2.267,73","2.268,44","2.255,07",,"-0,36%"
5/26/2025,"2.259,67","2.260,45","2.262,92","2.253,25",,"0,05%"
5/27/2025,"2.261,46","2.261,05","2.263,90","2.256,94",,"0,08%"
5/28/2025,"2.264,14","2.261,88","2.267,04","2.259,54",,"0,12%"
5/29/2025,"2.266,94","2.259,65","2.266,94","2.259,23",,"0,12%"
5/30/2025,"2.262,58","2.266,88","2.267,78","2.262,26",,"-0,19%"
6/2/2025,"2.256,33","2.266,75","2.269,18","2.256,33",,"-0,28%"
6/3/2025,"2.265,57","2.256,61","2.266,89","2.255,84",,"0,41%"
6/4/2025,"2.267,16","2.265,50","2.271,30","2.265,33",,"0,07%"
6/5/2025,"2.267,98","2.269,88","2.269,91","2.263,60",,"0,04%"
6/6/2025,"2.263,71","2.266,98","2.266,98","2.263,67",,"-0,19%"
6/9/2025,"2.266,37","2.264,15","2.266,57","2.264,00",,"0,12%"
6/10/2025,"2.263,59","2.266,52","2.267,11","2.262,11",,"-0,12%"
6/11/2025,"2.259,77","2.264,65","2.264,68","2.259,46",,"-0,17%"
6/12/2025,"2.263,26","2.260,62","2.264,22","2.256,81",,"0,15%"
6/13/2025,"2.269,00","2.261,10","2.271,84","2.261,10",,"0,25%"
6/16/2025,"2.265,40","2.267,75","2.271,23","2.264,91",,"-0,16%"
6/17/2025,"2.265,77","2.265,29","2.271,08","2.264,30",,"0,02%"
6/18/2025,"2.267,23","2.265,44","2.272,60","2.265,07",,"0,06%"
6/19/2025,"2.280,77","2.266,27","2.282,67","2.264,61",,"0,60%"
6/20/2025,"2.282,09","2.283,99","2.285,04","2.278,72",,"0,06%"
6/23/2025,"2.295,96","2.279,80","2.296,29","2.275,53",,"0,61%"
6/24/2025,"2.279,81","2.297,39","2.297,75","2.276,75",,"-0,70%"
6/25/2025,"2.269,83","2.280,78","2.280,96","2.267,02",,"-0,44%"
6/26/2025,"2.260,75","2.272,43","2.273,22","2.258,92",,"-0,40%"
6/27/2025,"2.259,17","2.260,75","2.261,27","2.258,61",,"-0,07%"
6/30/2025,"2.266,24","2.261,73","2.269,71","2.259,50",,"0,31%"
7/1/2025,"2.259,48","2.268,30","2.268,66","2.256,96",,"-0,30%"
7/2/2025,"2.266,32","2.259,76","2.267,40","2.258,86",,"0,30%"
7/3/2025,"2.258,29","2.265,25","2.267,56","2.257,46",,"-0,35%"
7/4/2025,"2.258,82","2.258,41","2.265,40","2.257,68",,"0,02%"
7/7/2025,"2.262,11","2.258,57","2.264,93","2.257,76",,"0,15%"
7/8/2025,"2.258,84","2.262,10","2.269,08","2.258,84",,"-0,14%"
7/9/2025,"2.262,14","2.258,84","2.265,36","2.256,36",,"0,15%"
7/10/2025,"2.260,68","2.263,01","2.263,97","2.257,80",,"-0,06%"
7/11/2025,"2.261,27","2.260,00","2.263,79","2.259,80",,"0,03%"
7/14/2025,"2.266,57","2.261,70","2.268,41","2.260,51",,"0,23%"
7/15/2025,"2.266,84","2.265,47","2.272,02","2.265,42",,"0,01%"
7/16/2025,"2.266,16","2.265,16","2.269,99","2.263,14",,"-0,03%"
7/17/2025,"2.273,13","2.265,95","2.276,04","2.259,87",,"0,31%"
7/18/2025,"2.269,47","2.274,65","2.275,02","2.268,19",,"-0,16%"
7/21/2025,"2.272,75","2.269,51","2.276,24","2.269,45",,"0,14%"
7/22/2025,"2.273,19","2.274,71","2.275,38","2.271,21",,"0,02%"
7/23/2025,"2.275,07","2.275,25","2.276,67","2.268,99",,"0,08%"
7/24/2025,"2.276,21","2.277,82","2.278,64","2.272,68",,"0,05%"
7/25/2025,"2.276,01","2.274,17","2.281,40","2.274,17",,"-0,01%"
7/28/2025,"2.276,45","2.275,95","2.281,13","2.275,07",,"0,02%"
7/29/2025,"2.284,25","2.275,89","2.286,82","2.275,89",,"0,34%"
7/30/2025,"2.278,24","2.284,76","2.285,47","2.278,05",,"-0,26%"
7/31/2025,"2.285,28","2.278,92","2.289,55","2.278,31",,"0,31%"
8/1/2025,"2.286,55","2.284,81","2.291,09","2.281,95",,"0,06%"
8/4/2025,"2.283,14","2.294,79","2.294,79","2.279,01",,"-0,15%"
8/5/2025,"2.280,06","2.283,39","2.283,94","2.278,32",,"-0,13%"
8/6/2025,"2.277,73","2.278,07","2.280,46","2.275,29",,"-0,10%"
8/7/2025,"2.268,35","2.277,81","2.278,43","2.268,25",,"-0,41%"
8/8/2025,"2.267,48","2.268,30","2.273,79","2.266,15",,"-0,04%"
8/11/2025,"2.263,25","2.267,60","2.267,86","2.259,91",,"-0,19%"
8/12/2025,"2.268,36","2.263,64","2.274,76","2.263,61",,"0,23%"
8/13/2025,"2.256,97","2.267,35","2.267,48","2.256,36",,"-0,50%"
8/14/2025,"2.243,73","2.257,87","2.259,43","2.242,97",,"-0,59%"
8/15/2025,"2.250,04","2.243,52","2.252,14","2.243,52",,"0,28%"
8/18/2025,"2.249,16","2.249,51","2.251,86","2.248,77",,"-0,04%"
8/19/2025,"2.261,09","2.249,04","2.268,35","2.248,60",,"0,53%"
8/20/2025,"2.266,86","2.259,54","2.270,97","2.259,48",,"0,26%"
8/21/2025,"2.267,95","2.266,65","2.271,17","2.266,65",,"0,05%"
8/22/2025,"2.280,31","2.267,54","2.281,01","2.266,62",,"0,54%"
8/25/2025,"2.272,86","2.280,55","2.281,28","2.266,65",,"-0,33%"
8/26/2025,"2.278,03","2.271,60","2.278,03","2.271,19",,"0,23%"
8/27/2025,"2.286,73","2.278,70","2.287,07","2.278,61",,"0,38%"
8/28/2025,"2.292,22","2.288,59","2.292,41","2.284,11",,"0,24%"
8/29/2025,"2.312,50","2.291,07","2.314,09","2.291,01",,"0,88%"
9/1/2025,"2.299,73","2.312,38","2.314,31","2.299,61",,"-0,55%"
9/2/2025,"2.297,08","2.299,45","2.303,60","2.293,24",,"-0,12%"
9/3/2025,"2.298,26","2.297,39","2.303,02","2.296,33",,"0,05%"
9/4/2025,"2.299,18","2.298,48","2.304,47","2.298,11",,"0,04%"
9/5/2025,"2.302,03","2.300,27","2.302,11","2.299,85",,"0,12%"
9/8/2025,"2.286,72","2.302,36","2.302,88","2.284,40",,"-0,67%"
9/9/2025,"2.313,42","2.286,72","2.316,65","2.286,72",,"1,17%"
9/10/2025,"2.311,43","2.310,45","2.312,95","2.306,60",,"-0,09%"
9/11/2025,"2.312,23","2.312,60","2.313,77","2.307,88",,"0,03%"
9/12/2025,"2.298,67","2.312,51","2.315,91","2.298,52",,"-0,59%"
9/15/2025,"2.305,08","2.298,97","2.307,57","2.298,71",,"0,28%"
9/16/2025,"2.310,82","2.305,09","2.311,17","2.298,17",,"0,25%"
9/17/2025,"2.312,91","2.312,12","2.313,84","2.307,96",,"0,09%"
9/18/2025,"2.320,58","2.310,73","2.324,47","2.308,93",,"0,33%"
9/19/2025,"2.331,51","2.320,06","2.332,77","2.318,97",,"0,47%"
9/22/2025,"2.333,90","2.331,17","2.339,01","2.330,51",,"0,10%"
9/23/2025,"2.343,18","2.334,48","2.344,27","2.331,18",,"0,40%"
9/24/2025,"2.338,01","2.342,73","2.346,69","2.337,92",,"-0,22%"
9/25/2025,"2.346,23","2.339,09","2.353,52","2.338,51",,"0,35%"
9/26/2025,"2.345,19","2.346,40","2.354,40","2.343,80",,"-0,04%"
9/29/2025,"2.341,47","2.347,55","2.348,70","2.335,80",,"-0,16%"
9/30/2025,"2.340,73","2.340,90","2.344,78","2.338,30",,"-0,03%"
10/1/2025,"2.332,31","2.340,04","2.346,43","2.332,31",,"-0,36%"
10/2/2025,"2.329,50","2.331,26","2.334,77","2.329,15",,"-0,12%"
10/3/2025,"2.322,48","2.333,72","2.335,82","2.321,64",,"-0,30%"
10/6/2025,"2.324,59","2.325,64","2.333,02","2.323,54",,"0,09%"
10/7/2025,"2.323,18","2.328,80","2.331,61","2.321,07",,"-0,06%"
10/8/2025,"2.325,99","2.333,01","2.334,98","2.325,64",,"0,12%"
10/9/2025,"2.320,98","2.321,22","2.323,49","2.315,11",,"-0,22%"
10/10/2025,"2.319,46","2.321,93","2.329,32","2.319,46",,"-0,07%"
10/13/2025,"2.321,92","2.321,06","2.327,21","2.320,89",,"0,11%"
10/14/2025,"2.321,76","2.321,86","2.324,40","2.319,25",,"-0,01%"
10/15/2025,"2.324,38","2.325,77","2.328,48","2.324,08",,"0,11%"
10/16/2025,"2.325,94","2.325,73","2.328,69","2.325,07",,"0,07%"
10/17/2025,"2.326,35","2.327,64","2.329,22","2.326,14",,"0,02%"
10/20/2025,"2.327,93","2.326,94","2.329,18","2.323,09",,"0,07%"
10/21/2025,"2.329,27","2.327,75","2.331,84","2.326,74",,"0,06%"
10/22/2025,"2.325,85","2.328,76","2.341,20","2.305,36",,"-0,15%"
10/23/2025,"2.333,39","2.326,82","2.361,00","2.326,42",,"0,32%"
10/24/2025,"2.330,25","2.332,39","2.336,26","2.329,42",,"-0,13%"
10/27/2025,"2.336,67","2.334,19","2.340,11","2.332,96",,"0,28%"
10/28/2025,"2.338,98","2.337,92","2.342,68","2.337,90",,"0,10%"
10/29/2025,"2.340,64","2.339,03","2.343,06","2.338,02",,"0,07%"
10/30/2025,"2.340,24","2.340,32","2.345,27","2.338,55",,"-0,02%"
10/31/2025,"2.336,52","2.340,10","2.340,50","2.334,82",,"-0,16%"
11/3/2025,"2.338,86","2.335,77","2.343,52","2.335,11",,"0,10%"
11/4/2025,"2.341,88","2.337,20","2.348,78","2.333,15",,"0,13%"
11/5/2025,"2.343,98","2.340,82","2.348,97","2.340,70",,"0,09%"
11/6/2025,"2.344,88","2.345,34","2.346,85","2.342,17",,"0,04%"
11/7/2025,"2.342,48","2.344,47","2.349,05","2.341,69",,"-0,10%"
11/10/2025,"2.338,60","2.343,15","2.343,99","2.338,09",,"-0,17%"
11/11/2025,"2.344,29","2.338,12","2.346,85","2.337,69",,"0,24%"
11/12/2025,"2.347,48","2.343,82","2.349,87","2.342,99",,"0,14%"
11/13/2025,"2.357,02","2.347,21","2.357,88","2.347,20",,"0,41%"
11/14/2025,"2.351,42","2.356,86","2.358,56","2.350,77",,"-0,24%"
11/17/2025,"2.353,08","2.350,63","2.356,06","2.349,14",,"0,07%"
11/18/2025,"2.355,16","2.352,86","2.358,16","2.352,79",,"0,09%"
11/19/2025,"2.347,24","2.354,28","2.356,73","2.346,83",,"-0,34%"
11/20/2025,"2.350,90","2.346,69","2.354,29","2.345,51",,"0,16%"
11/21/2025,"2.348,90","2.351,98","2.354,11","2.346,78",,"-0,09%"
11/24/2025,"2.350,11","2.349,20","2.352,25","2.348,31",,"0,05%"
11/25/2025,"2.351,57","2.350,99","2.352,14","2.346,55",,"0,06%"
11/26/2025,"2.354,44","2.351,61","2.355,61","2.348,90",,"0,12%"
11/27/2025,"2.350,36","2.354,64","2.354,64","2.348,13",,"-0,17%"
11/28/2025,"2.353,98","2.349,82","2.355,40","2.348,81",,"0,15%"
12/1/2025,"2.355,15","2.355,02","2.357,63","2.353,36",,"0,05%"
12/2/2025,"2.350,48","2.353,36","2.353,86","2.348,46",,"-0,20%"
12/3/2025,"2.352,85","2.351,06","2.355,15","2.351,06",,"0,10%"
12/4/2025,"2.353,76","2.351,38","2.356,45","2.350,48",,"0,04%"
12/5/2025,"2.353,51","2.353,50","2.357,52","2.353,14",,"-0,01%"
12/8/2025,"2.360,11","2.353,84","2.361,89","2.353,84",,"0,28%"
12/9/2025,"2.359,28","2.360,05","2.361,46","2.356,09",,"-0,04%"
12/10/2025,"2.361,77","2.358,56","2.364,21","2.358,00",,"0,11%"
12/11/2025,"2.361,84","2.363,17","2.363,28","2.356,42",,"0,00%"
12/12/2025,"2.358,56","2.362,58","2.363,09","2.356,48",,"-0,14%"
12/15/2025,"2.364,60","2.358,32","2.365,67","2.357,67",,"0,26%"
12/16/2025,"2.370,04","2.364,79","2.370,68","2.364,77",,"0,23%"
12/17/2025,"2.368,77","2.370,32","2.372,02","2.366,44",,"-0,05%"
12/18/2025,"2.373,70","2.368,72","2.376,37","2.368,07",,"0,21%"
12/19/2025,"2.377,49","2.373,76","2.379,01","2.372,64",,"0,16%"
12/22/2025,"2.383,11","2.377,44","2.384,52","2.376,64",,"0,24%"
12/23/2025,"2.386,00","2.382,78","2.390,31","2.380,12",,"0,12%"
12/24/2025,"2.388,49","2.386,70","2.389,79","2.383,22",,"0,10%"
12/25/2025,"2.391,56","2.388,79","2.391,68","2.388,34",,"0,13%"
12/26/2025,"2.391,28","2.390,58","2.391,49","2.389,78",,"-0,01%"
12/29/2025,"2.395,80","2.390,77","2.396,50","2.389,58",,"0,19%"
12/30/2025,"2.395,52","2.395,21","2.400,18","2.392,12",,"-0,01%"
12/31/2025,"2.384,29","2.396,75","2.397,55","2.381,41",,"-0,47%"
1/1/2026,"2.384,29","2.384,29","2.384,29","2.384,29",,"0,00%"
1/2/2026,"2.390,72","2.387,15","2.392,73","2.386,44",,"0,27%"
1/5/2026,"2.395,31","2.394,29","2.400,63","2.392,03",,"0,19%"
1/6/2026,"2.398,44","2.396,90","2.401,82","2.395,25",,"0,13%"
1/7/2026,"2.397,39","2.398,20","2.402,93","2.394,53",,"-0,04%"
1/8/2026,"2.404,06","2.398,23","2.406,56","2.397,56",,"0,28%"
1/9/2026,"2.407,79","2.405,15","2.413,01","2.404,60",,"0,16%"
1/12/2026,"2.413,54","2.408,34","2.417,15","2.407,88",,"0,24%"
1/13/2026,"2.416,88","2.412,51","2.419,87","2.411,71",,"0,14%"
1/14/2026,"2.417,69","2.416,38","2.419,86","2.415,39",,"0,03%"
1/15/2026,"2.423,78","2.419,27","2.423,82","2.415,19",,"0,25%"
1/16/2026,"2.422,93","2.423,74","2.424,06","2.422,35",,"-0,04%"
1/19/2026,"2.432,50","2.424,51","2.434,71","2.422,22",,"0,39%"
1/20/2026,"2.434,94","2.433,98","2.440,44","2.433,46",,"0,10%"
1/21/2026,"2.431,82","2.433,56","2.436,78","2.430,71",,"-0,13%"
1/22/2026,"2.421,35","2.432,04","2.433,28","2.412,51",,"-0,43%"
1/23/2026,"2.414,82","2.425,52","2.425,66","2.413,69",,"-0,27%"
1/26/2026,"2.412,16","2.416,72","2.417,39","2.408,56",,"-0,11%"
1/27/2026,"2.410,64","2.411,17","2.416,50","2.409,20",,"-0,06%"
1/28/2026,"2.404,84","2.412,67","2.412,72","2.401,52",,"-0,24%"
1/29/2026,"2.410,27","2.404,48","2.419,00","2.403,43",,"0,23%"
1/30/2026,"2.414,50","2.411,43","2.419,51","2.409,14",,"0,18%"
2/2/2026,"2.417,05","2.413,86","2.418,90","2.412,17",,"0,11%"
2/3/2026,"2.415,60","2.418,49","2.419,82","2.414,59",,"-0,06%"
2/4/2026,"2.415,82","2.417,01","2.418,97","2.415,21",,"0,01%"
2/5/2026,"2.425,72","2.414,67","2.426,03","2.414,01",,"0,41%"
2/6/2026,"2.430,49","2.424,97","2.434,24","2.424,76",,"0,20%"
2/9/2026,"2.426,86","2.431,96","2.433,36","2.424,23",,"-0,15%"
2/10/2026,"2.430,19","2.427,19","2.438,19","2.427,04",,"0,14%"
2/11/2026,"2.427,23","2.429,13","2.429,38","2.423,38",,"-0,12%"
2/12/2026,"2.436,57","2.429,61","2.438,80","2.429,61",,"0,38%"
2/13/2026,"2.436,07","2.435,71","2.440,40","2.434,11",,"-0,02%"
2/16/2026,"2.436,07","2.436,07","2.436,07","2.436,07",,"0,00%"
2/17/2026,"2.436,07","2.436,07","2.436,07","2.436,07",,"0,00%"
2/18/2026,"2.443,32","2.438,25","2.445,27","2.437,16",,"0,30%"
2/19/2026,"2.442,59","2.444,76","2.451,49","2.442,59",,"-0,03%"
2/20/2026,"2.441,15","2.443,68","2.452,86","2.439,69",,"-0,06%"
2/23/2026,"2.430,29","2.441,15","2.441,15","2.430,29",,"-0,44%"
2/24/2026,"2.443,36","2.433,80","2.445,68","2.433,78",,"0,54%"
2/25/2026,"2.443,43","2.444,79","2.450,51","2.442,75",,"0,00%"
2/26/2026,"2.449,11","2.449,26","2.453,28","2.444,61",,"0,23%"
2/27/2026,"2.444,52","2.442,12","2.448,48","2.442,10",,"-0,19%"
3/2/2026,"2.449,68","2.440,81","2.452,60","2.440,78",,"0,21%"
3/3/2026,"2.442,70","2.450,83","2.452,42","2.441,61",,"-0,28%"
3/4/2026,"2.448,05","2.433,92","2.448,05","2.432,95",,"0,22%"
3/5/2026,"2.449,42","2.455,16","2.455,79","2.445,77",,"0,06%"
3/6/2026,"2.450,89","2.442,26","2.453,60","2.442,23",,"0,06%"
3/9/2026,"2.452,48","2.440,21","2.454,61","2.440,08",,"0,06%"
3/10/2026,"2.451,22","2.457,75","2.460,94","2.447,44",,"-0,05%"
3/11/2026,"2.456,94","2.456,82","2.458,69","2.451,71",,"0,23%"
3/12/2026,"2.458,90","2.453,55","2.459,09","2.453,14",,"0,08%"
3/13/2026,"2.456,29","2.454,65","2.460,57","2.453,59",,"-0,11%"
3/16/2026,"2.463,69","2.454,65","2.464,13","2.453,72",,"0,30%"
3/17/2026,"2.465,57","2.467,61","2.469,23","2.464,13",,"0,08%"
3/18/2026,"2.470,57","2.466,79","2.470,93","2.465,82",,"0,20%"
3/19/2026,"2.460,71","2.462,87","2.464,09","2.459,64",,"-0,40%"
3/20/2026,"2.465,73","2.466,18","2.467,57","2.461,56",,"0,20%"
3/23/2026,"2.467,57","2.456,86","2.468,85","2.456,30",,"0,07%"
3/24/2026,"2.463,55","2.464,98","2.467,52","2.462,23",,"-0,16%"
3/25/2026,"2.450,15","2.465,25","2.467,15","2.448,55",,"-0,54%"
3/26/2026,"2.445,22","2.449,22","2.449,94","2.444,31",,"-0,20%"
3/27/2026,"2.454,50","2.444,12","2.456,37","2.444,10",,"0,38%"
3/30/2026,"2.457,89","2.453,28","2.461,24","2.440,95",,"0,14%"
3/31/2026,"2.463,33","2.460,82","2.465,46","2.459,36",,"0,22%"
4/1/2026,"2.470,65","2.468,73","2.473,58","2.465,92",,"0,30%"
4/2/2026,"2.467,79","2.466,82","2.472,65","2.463,32",,"-0,12%"
4/3/2026,"2.469,19","2.467,64","2.471,53","2.467,62",,"0,06%"
4/6/2026,"2.475,08","2.470,00","2.476,90","2.468,91",,"0,24%"
4/7/2026,"2.492,86","2.478,16","2.493,40","2.475,37",,"0,72%"
4/8/2026,"2.490,60","2.501,30","2.503,21","2.485,02",,"-0,09%"
4/9/2026,"2.500,79","2.487,84","2.502,56","2.487,46",,"0,41%"
4/10/2026,"2.502,93","2.500,26","2.506,74","2.499,38",,"0,09%"
4/13/2026,"2.503,52","2.499,71","2.508,51","2.499,45",,"0,02%"
4/14/2026,"2.511,07","2.507,11","2.514,49","2.506,86",,"0,30%"
4/15/2026,"2.513,11","2.510,55","2.515,31","2.509,39",,"0,08%"
4/16/2026,"2.511,22","2.512,82","2.515,98","2.509,55",,"-0,08%"
4/17/2026,"2.520,66","2.509,78","2.520,83","2.509,56",,"0,38%"
4/20/2026,"2.518,52","2.518,85","2.520,18","2.513,10",,"-0,08%"
4/21/2026,"2.513,18","2.519,20","2.519,40","2.511,24",,"-0,21%"
4/22/2026,"2.515,38","2.512,15","2.519,55","2.511,82",,"0,09%"
4/23/2026,"2.532,05","2.516,65","2.535,80","2.516,34",,"0,66%"
4/24/2026,"2.514,89","2.529,36","2.530,23","2.514,72",,"-0,68%"
4/27/2026,"2.519,36","2.516,91","2.523,92","2.516,47",,"0,18%"
4/28/2026,"2.517,75","2.517,50","2.525,54","2.516,89",,"-0,06%"
4/29/2026,"2.526,96","2.518,43","2.536,89","2.518,41",,"0,37%"
4/30/2026,"2.535,10","2.525,38","2.542,21","2.525,25",,"0,32%"
5/1/2026,"2.535,10","2.535,10","2.535,10","2.535,10",,"0,00%"
5/4/2026,"2.543,10","2.537,29","2.546,02","2.537,29",,"0,32%"
5/5/2026,"2.549,69","2.546,02","2.554,44","2.546,02",,"0,26%"
5/6/2026,"2.552,41","2.552,53","2.555,30","2.545,88",,"0,11%"
5/7/2026,"2.548,57","2.553,30","2.555,25","2.545,11",,"-0,15%"
5/8/2026,"2.553,47","2.546,85","2.556,00","2.546,44",,"0,19%"
5/11/2026,"2.562,18","2.553,68","2.564,07","2.553,66",,"0,34%"
5/12/2026,"2.575,71","2.561,60","2.579,71","2.560,90",,"0,53%"
5/13/2026,"2.571,81","2.575,37","2.582,23","2.549,78",,"-0,15%"
5/14/2026,"2.574,01","2.573,29","2.574,10","2.572,11",,"0,09%"
5/15/2026,"2.564,65","2.570,02","2.571,03","2.564,03",,"-0,36%"
5/18/2026,"2.594,76","2.562,82","2.596,90","2.561,49",,"1,17%"
5/19/2026,"2.597,23","2.594,91","2.608,63","2.594,89",,"0,10%"
5/20/2026,"2.588,46","2.597,42","2.607,69","2.586,18",,"-0,34%"
5/21/2026,"2.593,65","2.590,06","2.606,50","2.590,04",,"0,20%"
5/22/2026,"2.604,22","2.594,87","2.609,64","2.594,28",,"0,41%"
5/25/2026,"2.614,13","2.608,05","2.618,01","2.607,26",,"0,38%"
5/26/2026,"2.619,93","2.613,61","2.623,55","2.612,43",,"0,22%"
5/27/2026,"2.622,79","2.621,59","2.623,06","2.620,57",,"0,11%"
5/28/2026,"2.622,48","2.623,45","2.623,47","2.619,48",,"-0,01%"
5/29/2026,"2.641,05","2.624,96","2.643,09","2.624,84",,"0,71%"
